PostID,Platform,ContentType,Likes,Comments,Shares,Impressions,EngagementRate,PostingTime,Month
1,Facebook,Post,2024,32,199,88810,2.54,7,Mar
2,Instagram,Reel,2433,109,226,18434,15.02,2,Apr
3,YouTube,Carousel,4339,74,297,35495,13.27,20,Dec
4,Twitter,Story,7073,471,469,76426,10.48,0,Mar
5,YouTube,Post,7124,716,294,96506,8.43,10,Feb
6,Facebook,Short,1756,69,101,17156,11.23,8,Jan
7,Instagram,Short,8985,531,785,65217,15.79,9,Nov
8,Instagram,Reel,6125,1202,206,86070,8.75,21,Apr
9,LinkedIn,Story,853,79,22,42930,2.22,14,Nov
10,YouTube,Carousel,1532,209,100,52819,3.49,8,Dec
11,YouTube,Short,10817,312,1257,94593,13.09,23,Apr
12,Twitter,Post,2093,214,79,26417,9.03,21,Jun
13,LinkedIn,Story,669,28,50,12331,6.06,2,Apr
14,LinkedIn,Carousel,5355,455,521,79341,7.98,14,Mar
15,Twitter,Story,1343,146,153,39718,4.13,23,Oct
16,YouTube,Short,6743,761,234,61155,12.65,15,Feb
17,YouTube,Carousel,424,39,50,11175,4.59,13,Oct
18,LinkedIn,Short,988,117,86,13326,8.94,8,Sep
19,Twitter,Story,896,204,24,6504,17.28,20,Jun
20,LinkedIn,Reel,1402,242,50,19621,8.63,23,Dec
21,Instagram,Carousel,4300,385,269,39522,12.53,9,Nov
22,Facebook,Post,10177,834,323,71540,15.84,17,Sep
23,Instagram,Story,531,82,11,5074,12.3,9,Apr
24,Instagram,Carousel,693,165,20,12592,6.97,15,Feb
25,Twitter,Post,2260,151,253,74822,3.56,8,Sep
26,YouTube,Carousel,7132,453,562,84507,9.64,9,Jul
27,Twitter,Video,10847,1549,907,93039,14.3,3,Apr
28,Twitter,Short,724,106,12,34451,2.44,7,Oct
29,Instagram,Post,258,24,30,33864,0.92,2,Jan
30,Facebook,Carousel,780,151,40,48309,2.01,15,Apr
31,LinkedIn,Video,2367,504,134,75678,3.97,6,Feb
32,LinkedIn,Video,1965,201,118,17704,12.9,23,Jan
33,Instagram,Video,10906,2666,211,93259,14.78,23,Jun
34,Twitter,Video,1218,118,58,19322,7.21,4,Jul
35,Instagram,Video,2481,493,137,29050,10.71,17,Feb
36,Instagram,Post,1535,296,13,11630,15.86,5,Jul
37,LinkedIn,Reel,8086,457,895,68653,13.75,5,Jul
38,LinkedIn,Story,599,87,69,5282,14.29,13,Dec
39,YouTube,Story,11044,2013,327,77845,17.19,6,Jan
40,Instagram,Reel,9083,269,652,80914,12.36,18,Aug
41,Twitter,Reel,8901,664,126,70909,13.67,5,Feb
42,Instagram,Short,1313,140,113,82992,1.89,7,Oct
43,LinkedIn,Carousel,851,178,20,82924,1.27,18,Oct
44,Facebook,Post,5383,554,219,73522,8.37,8,Jul
45,LinkedIn,Story,2951,680,163,22154,17.13,2,Jan
46,Twitter,Post,9424,429,160,65068,15.39,16,May
47,Facebook,Story,1629,55,72,22361,7.85,5,Aug
48,Instagram,Carousel,5156,1272,551,76200,9.16,17,May
49,Facebook,Reel,1897,469,44,91951,2.62,3,Dec
50,Twitter,Post,2746,298,154,77512,4.13,22,Jun
51,Facebook,Reel,2362,537,260,31685,9.97,2,Nov
52,Facebook,Post,4733,110,13,60518,8.02,20,May
53,LinkedIn,Short,3236,472,292,26178,15.28,0,Feb
54,Instagram,Story,2135,172,149,14862,16.53,18,Sep
55,Facebook,Story,1960,85,20,24410,8.46,1,Jun
56,Twitter,Video,2244,125,191,32535,7.87,19,Dec
57,LinkedIn,Reel,1169,103,55,25257,5.25,5,Dec
58,YouTube,Story,6609,863,695,48540,16.83,5,Dec
59,YouTube,Post,1766,39,130,19168,10.09,14,Jun
60,Instagram,Carousel,6715,486,238,45001,16.53,6,Jul
61,Facebook,Carousel,2482,91,152,48025,5.67,16,Jul
62,Instagram,Reel,14022,2216,688,94065,17.99,8,Mar
63,Twitter,Video,4549,98,121,81099,5.88,11,Dec
64,Instagram,Video,3774,640,271,46114,10.16,18,Apr
65,Instagram,Short,563,110,37,38386,1.85,17,Nov
66,YouTube,Story,12356,3038,1383,99297,16.9,13,Feb
67,Instagram,Carousel,5609,1296,331,92062,7.86,9,Sep
68,LinkedIn,Carousel,5663,856,344,45538,15.07,9,Sep
69,LinkedIn,Carousel,985,127,95,21683,5.57,23,Mar
70,Twitter,Reel,9524,1252,841,85676,13.56,9,May
71,Twitter,Carousel,3721,824,306,32549,14.9,10,Aug
72,Twitter,Video,7444,1403,228,62905,14.43,23,Mar
73,Twitter,Story,1589,165,141,91356,2.07,2,Apr
74,YouTube,Reel,5285,480,213,93184,6.42,1,Apr
75,Twitter,Post,1393,253,116,67277,2.62,22,Dec
76,YouTube,Carousel,4249,838,134,55328,9.44,22,Jan
77,Twitter,Video,1941,132,55,18970,11.22,1,Sep
78,LinkedIn,Carousel,1194,253,44,37662,3.96,16,Sep
79,Twitter,Video,5398,926,637,83047,8.38,17,Aug
80,Facebook,Post,3246,506,240,25861,15.44,20,May
81,Facebook,Video,8139,1303,254,73327,13.22,2,Dec
82,Facebook,Short,2120,159,95,42450,5.59,2,Mar
83,YouTube,Reel,1147,216,49,24769,5.7,13,Jul
84,Instagram,Post,4645,974,435,48369,12.52,13,Jul
85,LinkedIn,Video,11595,100,1189,81556,15.8,0,Jun
86,Twitter,Carousel,6372,818,439,44139,17.28,23,Sep
87,Facebook,Video,3813,519,122,84069,5.3,15,Jan
88,YouTube,Video,5707,1389,424,55968,13.44,4,Oct
89,Instagram,Carousel,641,120,13,75008,1.03,13,Mar
90,LinkedIn,Story,3177,71,143,65515,5.18,6,Aug
91,LinkedIn,Story,2964,408,152,47840,7.37,2,Aug
92,Facebook,Post,967,158,16,7540,15.13,20,Feb
93,YouTube,Post,859,213,13,90426,1.2,0,Oct
94,Instagram,Short,1177,84,131,24973,5.57,6,Aug
95,Twitter,Short,4398,775,181,96680,5.54,23,Dec
96,Twitter,Reel,870,99,23,20012,4.96,9,Oct
97,YouTube,Reel,6349,832,742,93781,8.45,18,Dec
98,Facebook,Carousel,4178,228,366,87213,5.47,19,Feb
99,LinkedIn,Carousel,872,108,78,79177,1.34,11,Feb
100,LinkedIn,Reel,5790,45,440,71317,8.8,13,Jun
101,LinkedIn,Post,7732,1468,166,88307,10.61,23,Sep
102,LinkedIn,Video,4625,1122,505,90256,6.93,23,Oct
103,Facebook,Video,2840,271,54,40179,7.88,7,Aug
104,Instagram,Video,10199,1572,698,79691,15.65,10,Mar
105,Facebook,Story,3675,383,418,68904,6.5,8,Oct
106,Twitter,Post,4726,1158,20,96905,6.09,2,Apr
107,YouTube,Carousel,6858,1020,578,99381,8.51,15,Nov
108,Instagram,Reel,8241,937,821,98302,10.17,9,Apr
109,Twitter,Story,4186,647,349,58005,8.93,15,Sep
110,Facebook,Story,5832,891,573,74588,9.78,22,Aug
111,Instagram,Carousel,2711,277,128,40509,7.69,6,Jun
112,YouTube,Carousel,2394,209,108,20670,13.12,15,May
113,Instagram,Post,9859,2168,589,99972,12.62,9,Apr
114,Twitter,Post,1669,174,13,52301,3.55,8,Jan
115,LinkedIn,Reel,1333,169,42,12146,12.71,0,Oct
116,Facebook,Post,4045,510,235,42268,11.33,1,May
117,LinkedIn,Video,2069,440,26,67616,3.75,2,Oct
118,YouTube,Short,11446,239,320,87502,13.72,9,Feb
119,Twitter,Video,1170,233,67,37530,3.92,14,Aug
120,Twitter,Short,5021,898,322,43974,14.19,1,Oct
121,Facebook,Carousel,1051,180,37,18006,7.04,2,Mar
122,YouTube,Reel,1623,302,29,36439,5.36,13,Aug
123,Instagram,Post,9929,1944,606,95357,13.09,9,Dec
124,YouTube,Story,5958,949,82,42056,16.62,20,Oct
125,Instagram,Short,13371,830,880,91662,16.45,7,Nov
126,Instagram,Post,1288,92,28,24528,5.74,9,Oct
127,LinkedIn,Carousel,4928,919,137,79607,7.52,9,Dec
128,LinkedIn,Reel,4660,1044,515,57757,10.77,19,Jan
129,Instagram,Reel,5480,1256,266,61626,11.36,7,Nov
130,Twitter,Reel,9819,104,561,80392,13.04,5,Aug
131,YouTube,Short,10874,1831,579,73021,18.19,13,Nov
132,LinkedIn,Story,1694,260,99,69451,2.96,10,Nov
133,LinkedIn,Story,858,104,62,18710,5.47,21,Jul
134,Facebook,Story,801,136,21,77102,1.24,10,Feb
135,LinkedIn,Reel,8631,24,956,57976,16.58,6,Sep
136,Instagram,Post,5300,1040,462,52419,12.98,8,Sep
137,Instagram,Reel,1379,244,134,22172,7.92,20,Oct
138,Instagram,Short,1497,179,151,36365,5.02,13,Feb
139,Instagram,Carousel,1129,256,131,34451,4.4,4,Aug
140,LinkedIn,Video,4981,1062,289,98926,6.4,15,Apr
141,YouTube,Short,9231,612,795,64871,16.4,16,Dec
142,Facebook,Short,485,55,36,22892,2.52,8,Jan
143,Twitter,Carousel,6147,631,611,42072,17.56,15,Mar
144,Facebook,Short,9024,2003,716,63529,18.48,17,Jul
145,Twitter,Video,5472,406,254,64682,9.48,7,Jul
146,LinkedIn,Video,851,210,70,10720,10.55,21,Nov
147,Twitter,Short,2228,57,74,24936,9.46,10,Feb
148,Instagram,Carousel,1833,289,126,62711,3.58,4,Jul
149,Facebook,Story,2729,96,250,90823,3.39,19,Dec
150,LinkedIn,Story,1515,188,146,57098,3.24,20,Dec
151,YouTube,Carousel,9064,167,150,68956,13.6,21,May
152,Instagram,Video,940,131,22,34817,3.14,5,Dec
153,Instagram,Story,437,25,30,44251,1.11,11,Jun
154,LinkedIn,Short,2585,270,281,61450,5.1,21,Mar
155,LinkedIn,Short,917,40,88,27280,3.83,21,Apr
156,LinkedIn,Carousel,9754,606,485,70230,15.44,8,Aug
157,Facebook,Carousel,5662,39,486,38466,16.08,17,Mar
158,Facebook,Carousel,1104,196,85,14681,9.43,13,Dec
159,YouTube,Video,3942,885,164,37780,13.21,15,Feb
160,Twitter,Story,3324,605,193,36091,11.42,22,May
161,Facebook,Reel,1049,188,60,7875,16.47,18,Nov
162,YouTube,Short,1441,274,83,11428,15.73,11,Apr
163,YouTube,Carousel,3315,655,138,88442,4.64,3,Nov
164,Instagram,Short,845,99,66,89717,1.13,11,Dec
165,Facebook,Carousel,569,136,28,22224,3.3,13,Mar
166,Twitter,Short,1282,296,103,31318,5.37,8,Mar
167,Facebook,Carousel,4147,1010,422,38681,14.42,10,Feb
168,LinkedIn,Short,1433,92,67,66385,2.4,11,Feb
169,Instagram,Video,428,53,44,56717,0.93,11,Nov
170,Instagram,Carousel,4495,800,390,93125,6.1,7,Aug
171,Instagram,Carousel,871,176,38,8280,13.1,14,Dec
172,YouTube,Reel,5518,856,129,44608,14.58,1,May
173,Twitter,Post,2102,69,70,69569,3.22,12,Aug
174,Twitter,Carousel,5692,1126,439,53629,13.53,23,Mar
175,Twitter,Video,1822,446,135,59379,4.05,8,Jan
176,LinkedIn,Post,6270,464,464,95476,7.54,11,Feb
177,Facebook,Reel,6218,1135,670,94873,8.46,12,May
178,YouTube,Carousel,1200,252,33,29878,4.97,20,Oct
179,YouTube,Short,251,41,17,7799,3.96,6,Feb
180,YouTube,Story,3594,620,120,77641,5.58,4,Oct
181,Twitter,Story,483,38,18,5371,10.04,5,Feb
182,Facebook,Post,622,53,11,91646,0.75,18,Jun
183,YouTube,Carousel,378,53,13,7068,6.28,13,Sep
184,Facebook,Short,460,80,38,19896,2.91,18,Feb
185,Twitter,Reel,8454,927,978,64245,16.12,23,Nov
186,Instagram,Video,5141,958,41,73347,8.37,12,Jul
187,LinkedIn,Reel,1968,271,192,94928,2.56,2,Jun
188,Facebook,Short,2630,87,74,84730,3.29,20,Oct
189,Twitter,Story,5527,800,621,76874,9.04,14,Sep
190,Instagram,Carousel,7248,223,822,84354,9.83,20,Sep
191,LinkedIn,Post,14380,900,890,99481,16.25,13,Jun
192,Instagram,Story,6732,871,757,64441,12.97,13,Jun
193,LinkedIn,Reel,4376,786,166,92177,5.78,2,Feb
194,Facebook,Post,1968,69,200,17219,12.99,17,Jan
195,Instagram,Video,9401,2320,685,81869,15.15,11,Nov
196,Facebook,Story,1042,93,86,60435,2.02,3,Oct
197,LinkedIn,Post,3685,178,346,71507,5.89,3,Jun
198,Twitter,Post,6222,255,295,77910,8.69,13,Sep
199,Twitter,Carousel,10252,2300,63,86490,14.59,22,May
200,Facebook,Story,569,54,54,8794,7.7,11,Jan
201,Instagram,Post,1373,309,112,28777,6.23,23,Nov
202,LinkedIn,Video,387,87,23,9018,5.51,14,Jun
203,Facebook,Short,1715,179,194,25631,8.15,19,Feb
204,Twitter,Reel,518,40,58,11895,5.18,21,Feb
205,LinkedIn,Short,3829,697,227,40665,11.69,14,Jul
206,Instagram,Story,1965,406,141,40804,6.16,13,Feb
207,LinkedIn,Short,5755,1409,617,42125,18.47,21,May
208,Instagram,Post,651,121,17,10952,7.2,9,Apr
209,Facebook,Reel,3330,281,158,22987,16.4,0,Aug
210,Twitter,Carousel,3078,152,204,61446,5.59,7,Sep
211,LinkedIn,Carousel,11145,1470,157,78233,16.33,1,Jul
212,Twitter,Video,670,39,50,7456,10.18,18,Jul
213,Instagram,Video,10688,1730,602,97995,13.29,0,Jun
214,Facebook,Reel,3482,652,245,27527,15.91,13,Feb
215,Twitter,Reel,3769,623,215,36891,12.49,12,May
216,YouTube,Reel,2015,190,209,49500,4.88,16,Nov
217,Facebook,Story,2373,542,109,19945,15.16,23,Nov
218,Facebook,Post,1167,72,47,24358,5.28,5,Oct
219,Instagram,Post,3313,797,345,25036,17.79,20,Aug
220,Facebook,Post,9436,1858,671,65811,18.18,14,Feb
221,Facebook,Short,7445,1313,320,66462,13.66,1,Jun
222,LinkedIn,Reel,1415,178,128,71497,2.41,1,Jun
223,Twitter,Short,828,185,21,42627,2.43,16,Jul
224,LinkedIn,Short,9708,2290,94,65648,18.42,20,Apr
225,YouTube,Reel,5156,994,523,47143,14.15,14,Feb
226,YouTube,Reel,6051,192,526,50015,13.53,7,Dec
227,Twitter,Post,7399,1093,545,62377,14.49,11,Jun
228,Twitter,Reel,3373,438,183,42079,9.49,20,Nov
229,Twitter,Carousel,739,104,22,48863,1.77,12,May
230,Facebook,Reel,5578,1254,163,38029,18.39,18,Nov
231,LinkedIn,Post,1632,178,177,23537,8.44,19,Dec
232,Facebook,Post,1468,306,106,16104,11.67,21,Dec
233,Twitter,Story,8824,402,877,94838,10.65,0,Jun
234,LinkedIn,Post,1676,129,97,45483,4.18,7,Mar
235,Instagram,Short,516,57,60,25308,2.5,17,Dec
236,Twitter,Post,818,189,53,74013,1.43,19,Jul
237,Twitter,Post,864,66,98,25218,4.08,23,Aug
238,YouTube,Video,1041,113,96,10726,11.65,19,May
239,Facebook,Video,4033,566,132,63841,7.41,6,Jun
240,Facebook,Video,9545,1824,955,93907,13.12,16,Sep
241,YouTube,Story,2855,224,319,59874,5.68,1,Nov
242,Twitter,Reel,6281,1155,115,67991,11.11,9,Feb
243,YouTube,Video,1317,250,141,26012,6.57,2,Apr
244,Instagram,Video,5927,74,434,64130,10.03,16,Jun
245,YouTube,Reel,3363,103,201,35903,10.21,10,Feb
246,YouTube,Reel,10848,1393,309,98677,12.72,9,Aug
247,LinkedIn,Video,13816,588,1564,96235,16.59,19,Jan
248,YouTube,Short,277,36,16,15384,2.14,23,Oct
249,Facebook,Post,7134,247,804,74176,11.03,9,Feb
250,Instagram,Reel,688,127,68,11258,7.84,15,Oct
251,Twitter,Post,469,100,42,75261,0.81,22,Mar
252,Facebook,Post,3716,21,324,43177,9.41,18,Jul
253,Instagram,Short,901,154,56,29551,3.76,17,Sep
254,LinkedIn,Reel,9279,103,809,71535,14.25,20,Jul
255,Instagram,Story,2277,36,192,53929,4.64,7,Dec
256,Facebook,Post,10493,444,1201,91127,13.32,1,Jun
257,LinkedIn,Carousel,5746,1336,189,76567,9.5,15,Nov
258,Instagram,Story,1304,52,127,28891,5.13,6,Jan
259,Twitter,Video,543,60,29,31144,2.03,17,Aug
260,YouTube,Story,499,116,51,38202,1.74,11,Jan
261,Facebook,Video,5638,579,137,90948,6.99,12,Dec
262,LinkedIn,Carousel,6534,714,201,62637,11.89,15,Jun
263,Instagram,Video,4569,189,444,73062,7.12,19,Mar
264,Instagram,Story,5013,677,115,76496,7.59,21,May
265,LinkedIn,Post,3852,637,377,45173,10.77,22,Aug
266,Facebook,Short,3862,63,382,51077,8.43,13,May
267,LinkedIn,Story,13167,254,163,88816,15.29,16,Dec
268,Twitter,Carousel,2821,51,83,94051,3.14,14,Jan
269,Facebook,Story,475,50,51,21545,2.67,12,Oct
270,Facebook,Story,514,106,38,9244,7.12,14,Feb
271,LinkedIn,Story,2455,562,197,80225,4.01,20,May
272,YouTube,Video,1129,33,104,37717,3.36,16,Jul
273,Facebook,Carousel,2129,288,208,78619,3.34,14,Apr
274,Instagram,Post,4878,1025,214,85199,7.18,2,Aug
275,Instagram,Carousel,3880,750,237,27630,17.61,10,Nov
276,Twitter,Story,6012,152,573,50537,13.33,9,Mar
277,YouTube,Story,11825,2888,1316,98298,16.31,16,Apr
278,YouTube,Video,1023,222,27,20907,6.08,0,Jun
279,Twitter,Post,9576,1531,967,77616,15.56,19,Feb
280,Twitter,Video,833,121,71,13617,7.53,13,Oct
281,Instagram,Video,456,60,51,14666,3.87,14,Nov
282,Twitter,Post,5844,282,574,72811,9.2,4,Jul
283,YouTube,Story,1107,83,76,70911,1.79,5,Mar
284,Twitter,Story,6010,481,364,47291,14.5,2,May
285,Twitter,Short,2448,148,165,30729,8.98,2,Sep
286,YouTube,Post,2962,626,307,89015,4.38,21,Oct
287,Instagram,Reel,10114,1402,1164,99454,12.75,2,Jan
288,YouTube,Short,12832,2382,552,89076,17.7,13,Oct
289,Facebook,Carousel,696,147,79,88753,1.04,9,Aug
290,Instagram,Carousel,3526,324,242,37096,11.03,1,Mar
291,YouTube,Story,7009,1011,485,62619,13.58,19,Mar
292,LinkedIn,Post,6084,673,363,45970,15.49,11,Sep
293,LinkedIn,Reel,1939,183,71,78616,2.79,8,Aug
294,Facebook,Video,1354,69,22,37495,3.85,19,Jul
295,Facebook,Post,1508,187,157,37541,4.93,5,Aug
296,Facebook,Video,7848,1041,910,72466,13.52,0,Feb
297,YouTube,Post,8481,1892,999,56543,20.11,18,Jun
298,Twitter,Carousel,303,38,25,11377,3.22,21,Aug
299,LinkedIn,Post,4596,36,120,42453,11.19,8,Dec
300,Instagram,Video,6457,845,384,52943,14.52,1,Oct
301,Facebook,Reel,3389,391,293,78638,5.18,12,Sep
302,YouTube,Reel,9208,1165,253,64028,16.6,12,Jun
303,YouTube,Short,4769,768,157,49444,11.52,16,Jul
304,YouTube,Carousel,859,31,14,70546,1.28,10,Aug
305,Twitter,Post,7687,325,630,73069,11.83,10,Oct
306,Facebook,Short,1531,221,167,46750,4.1,10,Sep
307,LinkedIn,Reel,8921,2026,623,71809,16.11,11,Jun
308,Facebook,Carousel,1995,233,159,93317,2.56,22,Nov
309,Instagram,Short,1171,155,68,8492,16.42,15,Mar
310,YouTube,Carousel,10505,2558,788,73712,18.79,7,Jan
311,Instagram,Video,11677,470,400,80047,15.67,10,Jul
312,LinkedIn,Short,1891,373,62,24848,9.36,19,Aug
313,YouTube,Short,1645,90,142,13163,14.26,10,Nov
314,YouTube,Video,8809,1563,652,67701,16.28,17,Jun
315,Facebook,Short,6004,1404,707,76601,10.59,15,Apr
316,YouTube,Story,2485,591,162,37311,8.68,9,Dec
317,Facebook,Short,4205,669,255,32168,15.94,23,May
318,LinkedIn,Story,1198,298,107,42721,3.75,4,May
319,LinkedIn,Carousel,789,40,54,10513,8.4,8,Dec
320,Twitter,Story,3705,226,433,67793,6.44,17,Dec
321,YouTube,Reel,1324,75,71,40601,3.62,21,Sep
322,LinkedIn,Story,2107,46,35,34579,6.33,22,Aug
323,YouTube,Video,763,21,80,18178,4.75,20,Aug
324,Facebook,Story,3467,794,157,67580,6.54,20,Jan
325,LinkedIn,Post,1151,39,54,16725,7.44,1,Jul
326,Instagram,Reel,3252,786,158,69930,6.0,9,Oct
327,LinkedIn,Carousel,1958,191,82,84007,2.66,17,Sep
328,Facebook,Post,2398,536,249,69738,4.56,3,Jun
329,Facebook,Carousel,3194,489,341,26298,15.3,5,Jan
330,YouTube,Post,6677,624,591,49185,16.05,19,Nov
331,Instagram,Video,7207,1075,345,58148,14.84,21,Feb
332,YouTube,Reel,1351,264,92,29219,5.84,8,Jul
333,Facebook,Story,3859,791,146,35870,13.37,18,Dec
334,YouTube,Reel,387,53,33,80088,0.59,21,Feb
335,Twitter,Carousel,5226,347,425,66000,9.09,9,Dec
336,Twitter,Post,2816,322,198,20389,16.36,7,Mar
337,Facebook,Video,2709,485,320,67676,5.19,22,Sep
338,Twitter,Reel,9006,914,516,66712,15.64,16,Aug
339,Instagram,Reel,6127,179,587,74228,9.29,17,Sep
340,Facebook,Short,4596,326,178,31497,16.19,14,Feb
341,LinkedIn,Reel,3565,754,308,94167,4.91,16,Aug
342,LinkedIn,Video,1128,87,75,12292,10.49,18,Jan
343,Facebook,Carousel,7775,1397,836,78242,12.79,0,Jul
344,Instagram,Video,224,33,12,38352,0.7,11,Dec
345,LinkedIn,Reel,1308,50,27,13357,10.37,9,Jul
346,LinkedIn,Story,3349,158,338,28590,13.45,12,Aug
347,Twitter,Post,3277,102,359,54479,6.86,20,Jun
348,Twitter,Post,931,157,60,20549,5.59,23,Apr
349,Twitter,Video,223,39,24,5455,5.24,17,Jul
350,YouTube,Story,2227,491,187,35102,8.28,6,Dec
351,LinkedIn,Short,331,71,31,19790,2.19,0,Apr
352,Instagram,Video,751,45,86,32011,2.76,19,Nov
353,Instagram,Video,14490,219,511,97181,15.66,14,Apr
354,Instagram,Post,3759,792,407,75747,6.55,16,May
355,YouTube,Story,4919,673,338,35692,16.61,4,Nov
356,Facebook,Reel,3821,443,163,73321,6.04,17,Oct
357,LinkedIn,Reel,2764,457,294,27955,12.57,11,Nov
358,LinkedIn,Video,6444,1094,336,92994,8.47,4,May
359,LinkedIn,Post,1706,406,147,54343,4.16,7,May
360,Twitter,Video,2565,494,39,97743,3.17,13,Sep
361,Facebook,Post,2396,417,134,74467,3.96,10,Nov
362,Instagram,Short,2042,453,104,15363,16.92,23,Apr
363,Twitter,Reel,749,116,87,11755,8.1,2,Apr
364,YouTube,Video,12067,2770,1154,82015,19.5,6,Jun
365,YouTube,Carousel,325,33,39,44739,0.89,3,Dec
366,YouTube,Short,4174,438,213,67773,7.12,10,May
367,Facebook,Story,4019,566,342,54894,8.98,8,Jun
368,LinkedIn,Story,8347,1928,110,72215,14.38,6,Jun
369,YouTube,Carousel,3590,66,298,46015,8.59,4,Jan
370,YouTube,Post,4732,875,312,39180,15.11,10,Apr
371,Twitter,Carousel,4867,523,521,54786,10.79,21,Jun
372,YouTube,Carousel,4202,1024,245,38728,14.13,11,Mar
373,YouTube,Short,3150,579,260,23344,17.09,20,Jan
374,Instagram,Video,754,39,16,73674,1.1,4,Nov
375,YouTube,Short,756,58,11,35334,2.33,14,Jun
376,LinkedIn,Carousel,1465,346,167,12923,15.31,15,Jan
377,Instagram,Reel,744,161,62,5866,16.48,16,Dec
378,Twitter,Carousel,4588,607,27,41010,12.73,21,Jul
379,YouTube,Post,638,44,29,28496,2.5,19,Sep
380,Instagram,Story,3103,293,213,38084,9.48,12,Aug
381,Instagram,Carousel,4184,482,163,79055,6.11,20,Jan
382,Twitter,Video,1860,214,106,17255,12.63,1,Nov
383,LinkedIn,Video,919,63,20,6238,16.06,20,Jun
384,YouTube,Post,1762,290,20,79167,2.62,22,Oct
385,Facebook,Short,4641,115,86,67324,7.19,18,Nov
386,Facebook,Reel,567,138,64,9312,8.26,6,Oct
387,Instagram,Story,3281,749,213,23899,17.75,5,Oct
388,Facebook,Video,4842,816,563,36519,17.03,23,Mar
389,Facebook,Reel,12064,341,1035,95349,14.1,3,Jul
390,Twitter,Short,822,107,87,35427,2.87,12,Jun
391,YouTube,Story,759,135,72,8883,10.87,17,Jul
392,LinkedIn,Reel,3243,716,309,61603,6.93,19,May
393,YouTube,Video,802,41,44,37302,2.38,22,Nov
394,Facebook,Reel,3229,418,172,25221,15.14,2,Jan
395,Facebook,Reel,3843,388,399,45405,10.2,4,Feb
396,Twitter,Short,3730,479,295,29561,15.24,13,Feb
397,Instagram,Short,383,65,45,8442,5.84,19,Jun
398,LinkedIn,Reel,301,38,23,55493,0.65,23,Sep
399,LinkedIn,Post,4885,1087,183,36816,16.72,4,May
400,Instagram,Post,2398,524,84,44469,6.76,13,May
401,Facebook,Story,5111,1011,88,60194,10.32,7,Dec
402,Instagram,Post,8323,820,478,86924,11.07,9,Jan
403,Facebook,Video,5643,1290,399,56864,12.89,10,Jul
404,Facebook,Short,9938,577,625,90332,12.33,22,Apr
405,Facebook,Story,5347,383,417,67784,9.07,23,Dec
406,YouTube,Story,8244,2001,599,87955,12.33,12,May
407,YouTube,Short,6180,253,587,56502,12.42,17,Mar
408,LinkedIn,Carousel,12776,2273,65,94353,16.02,6,Aug
409,LinkedIn,Post,5875,161,428,43185,14.97,20,May
410,LinkedIn,Reel,2269,177,226,36722,7.28,14,Oct
411,Twitter,Carousel,9739,1661,1104,67814,18.44,13,Sep
412,Twitter,Carousel,936,199,78,9818,12.35,2,Feb
413,YouTube,Carousel,5587,1381,373,37536,19.56,19,Jan
414,Facebook,Video,10768,2669,828,78822,18.1,3,Jan
415,Twitter,Short,1259,133,140,17924,8.55,18,Dec
416,LinkedIn,Video,3821,476,201,80397,5.59,21,Oct
417,Instagram,Video,8399,637,363,95496,9.84,3,May
418,Facebook,Story,1606,79,46,59522,2.91,10,Aug
419,LinkedIn,Reel,4468,1009,366,32114,18.19,14,Dec
420,Facebook,Reel,7612,673,78,96326,8.68,22,Feb
421,Instagram,Carousel,1069,107,92,7960,15.93,5,Dec
422,Facebook,Short,4427,377,173,36970,13.46,13,Aug
423,YouTube,Carousel,3518,664,104,35389,12.11,21,Jul
424,Twitter,Video,678,70,67,56849,1.43,12,Jan
425,Instagram,Short,3719,230,152,97371,4.21,3,Sep
426,LinkedIn,Reel,3196,353,110,29505,12.4,8,Nov
427,Twitter,Video,8846,1303,805,69157,15.84,18,Feb
428,YouTube,Carousel,3083,488,326,50603,7.7,22,May
429,Facebook,Reel,9869,367,284,85541,12.3,7,May
430,YouTube,Short,949,115,98,20328,5.72,12,Jul
431,LinkedIn,Post,2458,608,206,83174,3.93,15,Nov
432,YouTube,Video,10771,729,1146,75435,16.76,9,Mar
433,Instagram,Story,2777,481,327,29523,12.14,0,Aug
434,Twitter,Short,999,228,59,22895,5.62,20,Aug
435,LinkedIn,Video,8256,871,737,58626,16.83,5,Feb
436,Instagram,Story,705,76,47,79107,1.05,7,Sep
437,LinkedIn,Short,1577,254,154,42836,4.63,16,Feb
438,Twitter,Story,2071,157,208,80066,3.04,17,Jan
439,LinkedIn,Reel,7431,1138,233,99238,8.87,23,Nov
440,Facebook,Story,2638,53,240,37444,7.83,2,Aug
441,Twitter,Carousel,1170,127,99,20386,6.85,13,Mar
442,Instagram,Short,2481,231,115,85760,3.3,11,Sep
443,Facebook,Carousel,5089,1123,182,41842,15.28,9,May
444,YouTube,Video,4580,1073,107,80069,7.19,1,May
445,YouTube,Carousel,2278,155,137,90969,2.83,10,Apr
446,Twitter,Carousel,6634,1022,155,93635,8.34,8,Nov
447,Instagram,Video,6346,945,87,59293,12.44,16,Dec
448,LinkedIn,Story,5891,775,475,41467,17.22,18,Jan
449,Facebook,Reel,2077,345,180,17208,15.12,17,Jul
450,LinkedIn,Story,3719,864,118,33551,14.01,10,May
451,Facebook,Carousel,4683,287,506,49270,11.11,1,Jan
452,YouTube,Video,2082,28,41,18051,11.92,14,Jan
453,Facebook,Post,3514,725,77,61072,7.07,8,Feb
454,Facebook,Carousel,6105,532,94,90798,7.41,20,Mar
455,YouTube,Video,1011,180,49,11787,10.52,20,Feb
456,LinkedIn,Reel,1759,20,64,97235,1.9,4,Oct
457,Instagram,Carousel,4455,931,19,34647,15.6,10,Feb
458,YouTube,Video,2365,509,46,60353,4.84,2,Dec
459,Facebook,Post,622,100,57,18425,4.23,12,Mar
460,Twitter,Short,11294,605,150,89092,13.52,0,Oct
461,YouTube,Carousel,2888,470,189,90199,3.93,23,Mar
462,Instagram,Reel,7448,1781,232,58963,16.05,4,Feb
463,LinkedIn,Story,12160,1592,729,82276,17.6,4,Apr
464,Twitter,Short,5480,192,264,41302,14.37,19,Dec
465,YouTube,Short,4868,74,318,84638,6.21,19,Sep
466,Instagram,Post,3409,322,340,29726,13.7,15,Jul
467,Twitter,Reel,1187,275,28,19777,7.53,11,Jun
468,Facebook,Short,1784,311,117,22299,9.92,21,Mar
469,Instagram,Reel,1395,28,160,66736,2.37,8,Apr
470,LinkedIn,Short,323,80,35,10220,4.29,9,Nov
471,LinkedIn,Reel,8409,1721,443,98405,10.74,20,Sep
472,Instagram,Story,10293,645,578,75471,15.26,2,Sep
473,LinkedIn,Short,1472,294,93,31633,5.88,20,Nov
474,LinkedIn,Carousel,10737,290,645,94267,12.38,7,Jan
475,LinkedIn,Short,906,131,24,37044,2.86,19,Jan
476,Instagram,Reel,5656,1367,189,45539,15.84,22,Mar
477,Facebook,Short,385,40,41,96946,0.48,16,Dec
478,Facebook,Carousel,1567,210,42,38980,4.67,3,Jan
479,Twitter,Reel,6811,899,288,48910,16.35,8,Dec
480,LinkedIn,Short,10481,335,1026,80582,14.7,11,Jan
481,YouTube,Story,9487,703,763,70484,15.54,3,Oct
482,Twitter,Reel,12042,492,477,93358,13.94,1,Jan
483,LinkedIn,Post,576,80,33,37053,1.86,5,Jan
484,Facebook,Post,10943,1737,469,77465,16.97,13,Dec
485,Instagram,Short,2422,99,200,46934,5.8,21,Jan
486,LinkedIn,Reel,1114,43,132,28507,4.52,14,May
487,LinkedIn,Reel,2881,108,293,45723,7.18,11,Apr
488,LinkedIn,Story,4818,642,258,43219,13.23,18,Aug
489,LinkedIn,Reel,2208,174,11,30614,7.82,7,Sep
490,Instagram,Carousel,5409,39,353,50406,11.51,12,Dec
491,YouTube,Video,1051,72,77,45306,2.65,15,Jan
492,Instagram,Post,3114,306,57,23661,14.7,16,Jul
493,Twitter,Reel,6302,958,96,96861,7.59,16,Mar
494,Twitter,Reel,6661,173,616,88521,8.42,13,Nov
495,Facebook,Video,1169,169,76,22132,6.39,22,Dec
496,YouTube,Reel,2805,483,149,47762,7.2,6,Mar
497,YouTube,Video,1985,99,37,81638,2.6,14,Jun
498,YouTube,Video,2178,386,256,58282,4.84,9,Aug
499,Facebook,Carousel,1182,66,50,39735,3.27,22,Oct
500,Instagram,Carousel,640,103,28,10286,7.5,7,Jun
501,Facebook,Post,1002,193,48,56936,2.18,0,Jul
502,Instagram,Video,9308,2273,521,64270,18.83,3,Mar
503,YouTube,Post,248,23,17,20919,1.38,12,Jun
504,Twitter,Story,10526,364,1202,94952,12.73,2,Jan
505,YouTube,Reel,604,133,61,13450,5.93,10,Feb
506,Twitter,Video,1144,45,53,10596,11.72,23,Jul
507,YouTube,Story,683,117,64,70028,1.23,6,Mar
508,Instagram,Short,2492,476,86,41042,7.44,19,Oct
509,LinkedIn,Short,5502,624,520,37215,17.86,15,Jan
510,LinkedIn,Post,1345,216,45,16497,9.74,20,Sep
511,LinkedIn,Carousel,5367,1133,29,37656,17.34,11,Aug
512,Twitter,Short,8140,724,944,76371,12.84,10,Jul
513,Twitter,Post,1673,33,91,40446,4.44,0,May
514,Facebook,Short,1856,261,145,12679,17.84,7,Mar
515,Twitter,Carousel,1215,143,78,18124,7.92,1,Apr
516,YouTube,Post,6563,746,187,80457,9.32,18,Jun
517,Facebook,Short,6078,1231,38,96439,7.62,18,Mar
518,Facebook,Post,3284,524,287,78807,5.2,15,Jan
519,YouTube,Reel,430,49,48,16830,3.13,16,Aug
520,YouTube,Story,539,98,22,5089,12.95,22,Mar
521,Twitter,Carousel,687,25,28,47413,1.56,4,Feb
522,LinkedIn,Short,6178,168,392,73982,9.11,3,Jun
523,LinkedIn,Carousel,2842,159,90,44552,6.94,15,Nov
524,Twitter,Story,1627,382,153,46586,4.64,7,Nov
525,Facebook,Post,3072,407,167,82194,4.44,5,Dec
526,Twitter,Story,600,28,21,5235,12.4,19,Apr
527,YouTube,Story,9465,446,1026,88839,12.31,23,Feb
528,Instagram,Carousel,3041,347,95,36194,9.62,21,Nov
529,YouTube,Post,3858,31,145,49007,8.23,22,Feb
530,Instagram,Video,2302,130,10,50938,4.79,14,Dec
531,LinkedIn,Story,2925,443,262,60004,6.05,17,Jul
532,LinkedIn,Reel,2163,250,51,18294,13.47,1,May
533,Instagram,Story,526,53,16,7631,7.8,5,Jul
534,Instagram,Story,3198,96,290,26090,13.74,19,Oct
535,Twitter,Video,707,130,31,68273,1.27,5,Jan
536,LinkedIn,Carousel,1556,125,58,18272,9.52,17,Dec
537,YouTube,Reel,4546,596,314,75795,7.2,1,Jul
538,Instagram,Story,9205,2030,324,79943,14.46,0,Jul
539,LinkedIn,Post,1406,340,163,16485,11.58,3,Jan
540,Instagram,Video,1599,346,84,32125,6.32,3,May
541,Facebook,Reel,7915,1021,926,57096,17.27,20,Sep
542,Facebook,Post,1714,209,107,55793,3.64,14,Jan
543,YouTube,Story,3802,496,144,39510,11.24,18,Jan
544,Instagram,Reel,3281,733,351,24808,17.6,21,Jun
545,YouTube,Short,6982,1569,613,75968,12.06,1,Jul
546,LinkedIn,Short,7058,1116,713,73495,12.09,7,Aug
547,Instagram,Short,846,121,101,44171,2.42,18,Sep
548,Instagram,Video,11300,2560,311,79905,17.73,5,Mar
549,LinkedIn,Reel,1778,84,20,32772,5.74,21,Jul
550,Facebook,Carousel,1411,324,76,31465,5.76,2,Feb
551,Facebook,Short,4757,833,343,55868,10.62,14,Jan
552,LinkedIn,Reel,10408,2426,1080,96804,14.37,13,Mar
553,Instagram,Short,2520,622,61,24424,13.11,3,May
554,LinkedIn,Carousel,5833,861,280,75206,9.27,15,Oct
555,Facebook,Video,7950,96,186,84817,9.71,4,Oct
556,LinkedIn,Story,11354,1665,89,84777,15.46,22,Apr
557,Instagram,Story,1173,157,105,11460,12.52,9,May
558,YouTube,Post,4227,221,507,41745,11.87,9,Dec
559,Twitter,Carousel,5457,571,436,63079,10.25,2,Apr
560,LinkedIn,Short,3663,863,218,62896,7.54,11,Jan
561,Twitter,Video,2804,87,169,72537,4.22,4,Sep
562,YouTube,Reel,674,64,34,79537,0.97,7,Jan
563,YouTube,Story,1028,255,56,64827,2.07,11,Aug
564,Instagram,Post,6703,1321,136,71207,11.46,11,Aug
565,Twitter,Short,7508,383,495,82862,10.12,11,Jun
566,Instagram,Story,3631,284,393,26432,16.3,0,Jul
567,YouTube,Post,533,129,46,11507,6.15,20,Apr
568,LinkedIn,Short,3587,295,343,93826,4.5,0,Nov
569,Twitter,Reel,685,53,32,6166,12.49,7,May
570,LinkedIn,Story,5204,583,443,84736,7.35,14,May
571,Twitter,Short,4023,329,356,33601,14.01,12,Oct
572,Twitter,Carousel,230,52,21,18410,1.65,19,Oct
573,Instagram,Story,2645,130,256,42051,7.21,8,Nov
574,YouTube,Post,2468,287,162,47616,6.13,16,Apr
575,Twitter,Video,1849,458,215,12441,20.27,21,Jun
576,Facebook,Story,2492,46,264,94228,2.97,13,Jul
577,Twitter,Post,6235,92,607,55891,12.41,10,Dec
578,LinkedIn,Carousel,3843,722,283,98502,4.92,11,Sep
579,YouTube,Story,1592,356,152,44347,4.74,3,Aug
580,Twitter,Post,3234,284,381,21769,17.91,21,Jun
581,YouTube,Carousel,1663,133,100,90778,2.09,9,Jul
582,Facebook,Video,3244,286,309,48426,7.93,3,Aug
583,Twitter,Reel,1499,318,158,12035,16.41,15,Apr
584,Facebook,Video,2163,410,145,70598,3.85,1,Mar
585,Twitter,Video,1020,107,62,23004,5.17,4,Jun
586,Facebook,Carousel,3154,102,259,98804,3.56,5,Jun
587,Facebook,Post,1150,22,125,88165,1.47,5,Oct
588,Twitter,Video,2205,110,43,25766,9.15,20,Jul
589,Instagram,Reel,7229,997,402,57873,14.91,17,Apr
590,Facebook,Short,7982,48,923,53903,16.61,6,Jan
591,YouTube,Carousel,267,60,17,93702,0.37,11,May
592,Twitter,Story,620,118,74,21899,3.71,5,Feb
593,Twitter,Short,810,94,68,10992,8.84,16,Jun
594,Facebook,Post,2392,370,260,61841,4.89,5,Jul
595,YouTube,Carousel,433,48,18,7506,6.65,0,Oct
596,Instagram,Video,2968,146,197,71143,4.65,20,May
597,Instagram,Carousel,10409,219,1226,75088,15.79,3,Nov
598,LinkedIn,Video,249,27,23,7587,3.94,3,Sep
599,YouTube,Carousel,4086,738,88,38126,12.88,21,Nov
600,Instagram,Carousel,508,73,52,6219,10.18,16,May
601,Instagram,Short,10122,581,867,86631,13.36,23,Oct
602,LinkedIn,Post,1357,78,37,20431,7.2,19,Apr
603,LinkedIn,Story,4485,433,376,39471,13.41,5,Jan
604,LinkedIn,Story,8332,870,714,76845,12.9,7,Jan
605,Twitter,Carousel,887,42,24,6671,14.29,15,Mar
606,Facebook,Carousel,2295,96,61,16807,14.59,7,Aug
607,Instagram,Post,2363,495,35,43800,6.61,1,May
608,LinkedIn,Carousel,6766,1406,330,52214,16.28,3,Feb
609,Facebook,Story,219,28,15,11014,2.38,14,Oct
610,Facebook,Post,961,115,114,40167,2.96,3,Jul
611,LinkedIn,Carousel,7679,576,865,57461,15.87,15,Jul
612,YouTube,Carousel,13256,703,241,90045,15.77,23,Jan
613,Twitter,Carousel,624,126,71,25892,3.17,14,Mar
614,Instagram,Carousel,6421,754,636,85127,9.18,23,Mar
615,LinkedIn,Video,8197,251,918,68318,13.71,1,Feb
616,Twitter,Carousel,5565,663,22,39290,15.91,18,Dec
617,Facebook,Short,3869,705,457,79057,6.36,16,Dec
618,YouTube,Video,10329,410,896,96826,12.02,11,Nov
619,Twitter,Short,10708,1596,314,93643,13.47,1,Jan
620,LinkedIn,Post,2771,537,250,89331,3.98,2,Aug
621,Facebook,Reel,2173,358,258,47026,5.93,16,Apr
622,YouTube,Reel,10740,1570,835,77154,17.04,14,Aug
623,LinkedIn,Video,7541,200,887,80108,10.77,10,Feb
624,LinkedIn,Reel,491,33,35,70191,0.8,17,Sep
625,Twitter,Carousel,293,70,29,5022,7.81,9,Sep
626,LinkedIn,Story,3589,690,353,78706,5.89,11,Jan
627,Twitter,Short,3922,359,296,34218,13.38,15,Dec
628,Instagram,Reel,6152,1486,473,91136,8.9,21,Apr
629,Facebook,Short,549,65,63,5287,12.8,16,Jun
630,LinkedIn,Post,1941,43,52,97025,2.1,22,Dec
631,Twitter,Post,6904,239,270,99576,7.44,6,Feb
632,YouTube,Carousel,3732,488,432,56497,8.23,10,Feb
633,Twitter,Reel,961,182,96,59325,2.09,14,Aug
634,LinkedIn,Reel,9855,2085,285,91305,13.39,16,Dec
635,LinkedIn,Short,1333,241,159,11366,15.25,5,Dec
636,LinkedIn,Carousel,3045,151,63,80832,4.03,19,Oct
637,Twitter,Carousel,4329,807,224,47184,11.36,7,May
638,YouTube,Post,5817,622,473,57149,12.09,13,Oct
639,Twitter,Story,12462,2118,622,96752,15.71,22,Dec
640,YouTube,Short,10564,910,421,77559,15.34,22,May
641,YouTube,Short,5857,1397,145,94995,7.79,17,Dec
642,Twitter,Video,5481,256,370,88476,6.9,18,Oct
643,Twitter,Story,11834,1729,1390,92445,16.18,13,Jan
644,YouTube,Reel,1944,32,107,73515,2.83,21,Jan
645,Facebook,Post,2387,184,156,31201,8.74,1,Dec
646,Instagram,Story,1871,405,148,43684,5.55,14,Feb
647,Twitter,Video,11267,2321,469,85754,16.39,7,Sep
648,LinkedIn,Video,4912,116,400,96242,5.64,21,Jun
649,Facebook,Post,1081,23,105,77368,1.56,19,Aug
650,Twitter,Carousel,3212,793,311,34563,12.49,19,Apr
651,Instagram,Post,2609,479,100,30362,10.5,5,Dec
652,LinkedIn,Story,2155,406,20,72350,3.57,17,May
653,Instagram,Story,859,169,42,22048,4.85,14,Dec
654,Twitter,Reel,363,39,30,25290,1.71,20,Oct
655,Twitter,Story,5134,1024,596,91755,7.36,2,Dec
656,Twitter,Reel,4504,470,198,46662,11.08,16,Mar
657,YouTube,Post,6809,208,367,59516,12.41,21,Jun
658,Twitter,Short,3155,320,121,48393,7.43,15,Sep
659,LinkedIn,Post,344,34,32,90105,0.46,20,Oct
660,Facebook,Video,4194,101,359,86412,5.39,3,Jul
661,Twitter,Story,4625,599,35,38631,13.61,16,Sep
662,YouTube,Story,8175,109,313,63400,13.56,16,Feb
663,Twitter,Reel,885,217,78,17577,6.71,20,Feb
664,LinkedIn,Reel,1946,462,185,32627,7.95,6,Sep
665,Instagram,Carousel,12346,1802,1334,97109,15.94,21,Mar
666,Instagram,Reel,670,104,14,8113,9.71,1,Mar
667,Facebook,Video,4771,164,243,38018,13.62,12,Aug
668,Instagram,Video,6826,906,333,87603,9.21,21,Feb
669,Twitter,Reel,296,61,33,75101,0.52,23,Oct
670,Twitter,Reel,1635,57,101,10965,16.35,9,Nov
671,LinkedIn,Video,5168,197,298,44498,12.73,12,Nov
672,YouTube,Carousel,1170,100,66,9039,14.78,12,Sep
673,Facebook,Reel,5394,315,315,43663,13.8,17,Sep
674,Twitter,Short,704,30,10,23530,3.16,12,Sep
675,Facebook,Post,1594,176,63,76765,2.39,13,Nov
676,YouTube,Short,2533,184,104,72181,3.91,8,Apr
677,Twitter,Reel,942,191,112,20023,6.22,17,Aug
678,Instagram,Story,9205,319,605,89498,11.32,3,Apr
679,Facebook,Post,8182,1968,348,81099,12.94,21,Nov
680,Instagram,Post,1019,92,89,35740,3.36,10,Aug
681,Twitter,Post,5579,1282,323,64067,11.21,18,Oct
682,YouTube,Reel,6816,667,448,52774,15.03,10,Apr
683,Facebook,Post,3772,303,440,34035,13.27,21,Dec
684,Facebook,Story,4131,493,238,48458,10.03,15,Sep
685,Instagram,Story,919,185,87,19264,6.18,4,Sep
686,Instagram,Short,2356,98,48,30746,8.14,20,Jan
687,Instagram,Short,9684,1679,445,81269,14.53,8,Sep
688,YouTube,Story,7934,1359,803,75736,13.33,12,Apr
689,LinkedIn,Short,12213,1211,284,82280,16.66,16,Feb
690,YouTube,Short,6161,1048,20,57007,12.68,21,Mar
691,YouTube,Short,2499,476,91,72388,4.24,18,Nov
692,Facebook,Reel,3214,769,257,24162,17.55,7,Aug
693,YouTube,Reel,714,87,57,35375,2.43,21,Apr
694,LinkedIn,Reel,6118,814,490,72880,10.18,1,Nov
695,Facebook,Carousel,1045,200,76,47476,2.78,8,Oct
696,LinkedIn,Story,9541,732,781,76349,14.48,18,Nov
697,Twitter,Video,1230,212,67,15202,9.93,11,Jun
698,Instagram,Short,8098,1836,628,68813,15.35,4,Aug
699,YouTube,Post,1142,59,81,26706,4.8,5,Mar
700,LinkedIn,Story,5131,262,245,52477,10.74,23,Feb
701,Twitter,Post,8044,1001,225,68113,13.61,20,Jul
702,Twitter,Short,449,25,18,7942,6.19,5,Mar
703,Twitter,Post,8599,180,922,87515,11.08,1,Mar
704,Twitter,Short,1674,284,113,38850,5.33,20,Jan
705,Instagram,Post,12127,2730,590,99312,15.55,14,Oct
706,LinkedIn,Short,8091,369,234,66789,13.02,4,Oct
707,LinkedIn,Short,2366,191,185,28839,9.51,18,Feb
708,Instagram,Reel,3298,414,77,35122,10.79,6,Sep
709,Twitter,Reel,7077,1712,163,71107,12.59,5,Aug
710,Twitter,Reel,10027,179,1098,85576,13.21,2,Aug
711,LinkedIn,Short,2335,572,10,91427,3.19,13,Jun
712,LinkedIn,Video,1285,239,68,10693,14.89,11,Oct
713,YouTube,Story,9639,420,881,96318,11.36,15,Apr
714,LinkedIn,Story,1360,326,149,15986,11.48,6,Jan
715,Twitter,Reel,12383,49,1193,97949,13.91,16,Jan
716,LinkedIn,Story,5562,440,333,54155,11.7,3,Mar
717,Twitter,Story,4355,555,443,60846,8.8,19,May
718,LinkedIn,Short,6711,1566,218,94208,9.02,17,Aug
719,LinkedIn,Story,1716,306,152,28425,7.65,9,Oct
720,YouTube,Carousel,6542,1464,417,50135,16.8,3,Dec
721,YouTube,Reel,3858,821,368,35116,14.37,6,Sep
722,Instagram,Post,5744,1147,638,57502,13.09,12,Nov
723,LinkedIn,Short,293,72,14,5693,6.66,13,Feb
724,Instagram,Short,738,76,57,13399,6.5,1,Dec
725,Twitter,Story,7824,840,638,55374,16.8,22,Oct
726,LinkedIn,Video,1784,439,54,12531,18.17,0,Apr
727,YouTube,Reel,13371,2142,595,91099,17.68,19,Sep
728,Instagram,Story,3995,649,96,72608,6.53,7,Nov
729,LinkedIn,Story,361,31,27,5037,8.32,21,Jul
730,Instagram,Reel,3481,550,17,58143,6.96,17,May
731,Facebook,Post,9750,1445,721,78284,15.22,19,Apr
732,Facebook,Post,6818,1197,14,64606,12.43,13,Sep
733,Facebook,Story,2488,94,267,18954,15.03,3,Sep
734,LinkedIn,Short,4606,532,463,38776,14.44,15,Apr
735,LinkedIn,Short,6553,959,707,49520,16.6,0,Aug
736,YouTube,Carousel,1256,54,107,20239,7.0,22,Apr
737,Twitter,Reel,3578,381,274,46383,9.13,22,May
738,Facebook,Reel,2553,115,214,37539,7.68,17,Mar
739,Twitter,Story,5342,744,233,67463,9.37,5,Dec
740,YouTube,Post,3315,530,387,94536,4.48,23,Apr
741,YouTube,Short,1893,137,61,39787,5.26,11,Mar
742,Twitter,Reel,691,40,73,18983,4.24,17,Jan
743,LinkedIn,Short,6281,1291,332,68214,11.59,8,Aug
744,Twitter,Post,2495,427,123,28969,10.51,1,Sep
745,Instagram,Short,8036,1944,563,60466,17.44,11,Jul
746,Instagram,Carousel,12912,735,946,94959,15.37,16,Aug
747,YouTube,Video,5846,37,22,46373,12.73,18,Feb
748,YouTube,Short,3162,647,142,47655,8.29,8,Apr
749,Facebook,Story,4061,1001,323,40311,13.36,5,Aug
750,Facebook,Story,3649,449,368,60567,7.37,12,May
751,Twitter,Carousel,3147,605,77,64077,5.98,7,Feb
752,LinkedIn,Post,4622,502,452,99478,5.61,4,Dec
753,LinkedIn,Video,2137,29,55,24601,9.03,4,Nov
754,Facebook,Story,8948,1313,1006,72765,15.48,17,Oct
755,YouTube,Reel,1015,45,98,11253,10.29,6,May
756,Facebook,Story,1777,250,200,67460,3.3,11,Jun
757,Instagram,Video,9333,1075,714,78446,14.18,3,Jun
758,Twitter,Carousel,10121,834,1191,94074,12.91,20,Sep
759,Facebook,Carousel,3396,311,191,27877,13.98,16,Aug
760,Facebook,Video,1484,215,167,63580,2.93,20,Mar
761,Twitter,Short,2823,365,225,26964,12.66,12,Feb
762,Facebook,Story,863,107,39,15369,6.57,20,May
763,LinkedIn,Story,4582,829,287,98117,5.81,23,Oct
764,YouTube,Reel,7577,867,181,73280,11.77,4,Dec
765,YouTube,Video,2261,101,117,35753,6.93,3,Feb
766,Instagram,Reel,1999,262,150,13361,18.05,12,Sep
767,Instagram,Carousel,625,87,29,15911,4.66,12,May
768,YouTube,Post,2226,310,236,35062,7.91,16,Mar
769,Facebook,Video,271,62,21,8744,4.05,14,Sep
770,Twitter,Post,4693,931,148,40705,14.18,18,Oct
771,Twitter,Story,9440,1801,1082,64840,19.01,11,Aug
772,LinkedIn,Story,3921,844,55,75735,6.36,11,Jul
773,Instagram,Short,1475,175,12,39053,4.26,4,Jun
774,LinkedIn,Video,4043,567,14,42586,10.86,9,Jan
775,Instagram,Short,4999,1242,246,61418,10.56,11,Apr
776,YouTube,Carousel,7361,828,265,58967,14.34,23,Nov
777,Instagram,Video,6399,471,279,56081,12.75,20,Apr
778,Twitter,Story,10246,1133,593,72713,16.46,13,Apr
779,Instagram,Carousel,573,37,28,13973,4.57,14,Oct
780,Facebook,Reel,4658,1027,202,64345,9.15,4,Jan
781,Facebook,Story,562,43,16,75119,0.83,4,Dec
782,YouTube,Reel,334,49,12,62464,0.63,15,Apr
783,LinkedIn,Story,3642,339,412,49815,8.82,14,Dec
784,Instagram,Story,876,40,28,9159,10.31,12,Feb
785,Facebook,Video,7902,391,206,76197,11.15,0,Feb
786,LinkedIn,Post,4278,808,404,98674,5.56,23,Jan
787,Instagram,Short,3975,772,404,31106,16.56,21,Apr
788,Facebook,Post,6575,1415,329,66974,12.42,20,Dec
789,Facebook,Video,1325,286,41,10529,15.69,20,May
790,YouTube,Reel,3152,73,351,31047,11.52,7,Nov
791,Facebook,Short,5516,50,181,61906,9.28,3,Jul
792,LinkedIn,Carousel,273,22,28,36862,0.88,19,Mar
793,YouTube,Video,6514,203,264,53679,13.01,2,Nov
794,Instagram,Story,5744,1300,71,86087,8.26,20,Mar
795,LinkedIn,Post,8987,459,267,96924,10.02,10,Sep
796,YouTube,Reel,12597,1442,908,89495,16.7,22,Jul
797,Instagram,Video,6134,295,266,51945,12.89,22,Aug
798,YouTube,Short,5028,1131,511,78272,8.52,5,Sep
799,Twitter,Short,2851,499,150,50569,6.92,5,Feb
800,Facebook,Short,2739,480,161,74617,4.53,11,Aug
801,Instagram,Short,718,117,33,5094,17.04,11,Oct
802,LinkedIn,Post,2827,84,285,36298,8.8,16,Nov
803,Facebook,Video,9235,651,589,70214,14.92,20,Jun
804,YouTube,Post,594,37,12,19478,3.3,1,Apr
805,Instagram,Short,2188,216,35,19031,12.82,20,Jul
806,Twitter,Story,8226,1096,648,91235,10.93,1,Jun
807,LinkedIn,Reel,780,23,36,33930,2.47,14,Nov
808,LinkedIn,Story,939,162,105,12956,9.31,22,Jan
809,Instagram,Story,4555,1103,51,85862,6.65,2,Apr
810,YouTube,Short,1791,71,195,73089,2.81,12,Apr
811,Twitter,Carousel,4510,529,193,30312,17.26,17,Jul
812,LinkedIn,Carousel,2815,610,193,18829,19.22,21,Jul
813,LinkedIn,Short,883,66,80,18644,5.52,10,Nov
814,Facebook,Short,2386,473,190,25732,11.85,10,Jun
815,Facebook,Short,7254,1711,753,59046,16.46,7,Oct
816,Twitter,Carousel,3704,404,402,76516,5.89,8,Jun
817,Instagram,Story,7531,833,10,64297,13.02,19,Jan
818,Facebook,Post,2413,329,13,72844,3.78,6,Jun
819,Facebook,Short,990,230,98,7844,16.8,16,Sep
820,Instagram,Video,9565,653,203,79798,13.06,11,Mar
821,YouTube,Story,1285,207,73,23141,6.76,9,Feb
822,Instagram,Carousel,6750,1185,232,79774,10.24,10,Aug
823,Facebook,Reel,2199,117,162,27662,8.96,23,Oct
824,Facebook,Video,842,34,52,55010,1.69,13,Feb
825,Instagram,Story,5134,43,401,34716,16.07,16,Jan
826,Twitter,Carousel,4623,326,344,46853,11.3,7,Mar
827,LinkedIn,Short,1579,394,110,11621,17.92,18,Sep
828,LinkedIn,Post,1109,241,47,16807,8.31,4,Jun
829,LinkedIn,Story,2149,70,150,15819,14.98,2,Jul
830,YouTube,Post,7318,1604,724,70774,13.63,15,Sep
831,Twitter,Post,4196,829,343,30966,17.34,17,Oct
832,Facebook,Video,4234,516,46,73714,6.51,10,Nov
833,LinkedIn,Video,1667,77,181,80499,2.39,11,Jun
834,Instagram,Story,2827,372,314,29967,11.72,5,Jun
835,LinkedIn,Reel,7445,1296,159,85769,10.38,7,Apr
836,Instagram,Reel,6324,339,755,94831,7.82,23,Jan
837,Instagram,Story,5287,322,304,36856,16.04,22,Feb
838,Facebook,Post,3886,502,21,44992,9.8,23,Sep
839,Facebook,Short,1869,299,143,32770,7.05,15,Oct
840,Instagram,Video,3047,735,352,23526,17.57,18,Nov
841,Instagram,Story,912,85,31,74048,1.39,6,Dec
842,Instagram,Reel,4644,128,486,85997,6.11,12,Nov
843,Instagram,Reel,5631,1371,378,40561,18.19,9,Nov
844,Twitter,Carousel,2093,521,107,55662,4.89,3,Jun
845,YouTube,Post,9982,2197,190,68525,18.05,16,Aug
846,Twitter,Story,552,25,25,78490,0.77,10,Aug
847,Facebook,Story,2772,38,187,56563,5.3,20,May
848,Instagram,Carousel,4306,584,425,35959,14.78,8,Jul
849,Facebook,Video,773,77,29,8862,9.92,21,Mar
850,Twitter,Carousel,1765,286,183,16507,13.53,21,Apr
851,LinkedIn,Story,4138,606,88,59700,8.09,19,Jun
852,YouTube,Short,9083,559,433,63873,15.77,17,Nov
853,YouTube,Video,1331,178,144,31517,5.24,4,Nov
854,Twitter,Short,2789,345,44,79035,4.02,23,Feb
855,Facebook,Video,2801,169,25,29134,10.28,13,May
856,Instagram,Post,4685,331,202,63065,8.27,5,Jan
857,Twitter,Post,10308,1113,1171,85213,14.78,19,Apr
858,LinkedIn,Post,413,65,15,35266,1.4,16,Oct
859,LinkedIn,Video,6326,396,406,66441,10.73,4,Mar
860,Instagram,Story,2053,36,114,30330,7.26,13,Apr
861,Instagram,Post,3523,795,114,92993,4.77,14,Oct
862,LinkedIn,Video,5523,957,262,69217,9.74,1,Oct
863,Twitter,Carousel,6099,660,413,54856,13.07,18,Oct
864,LinkedIn,Video,8805,177,233,75275,12.24,1,Apr
865,Twitter,Video,9012,1640,90,72987,14.72,16,Nov
866,LinkedIn,Story,588,94,38,11461,6.28,9,Aug
867,Instagram,Carousel,1930,170,166,26821,8.45,16,Mar
868,Twitter,Reel,7600,205,749,65762,13.01,5,Oct
869,LinkedIn,Story,9152,574,815,96241,10.95,14,Jan
870,YouTube,Video,2058,322,239,28445,9.21,2,May
871,Instagram,Reel,5866,1348,177,47477,15.57,3,Dec
872,LinkedIn,Carousel,6146,194,546,63903,10.78,16,Oct
873,Instagram,Post,1751,301,107,25958,8.32,10,Oct
874,YouTube,Carousel,2659,186,84,91445,3.2,1,Jul
875,YouTube,Reel,2735,476,157,45378,7.42,4,Apr
876,LinkedIn,Video,459,21,39,5463,9.5,17,Jan
877,Twitter,Carousel,8284,994,232,84689,11.23,15,Aug
878,Twitter,Reel,7439,182,625,58759,14.03,7,Sep
879,YouTube,Reel,5277,1307,580,41452,17.28,5,Mar
880,YouTube,Reel,1537,198,19,12217,14.36,21,Oct
881,Instagram,Reel,5089,698,99,84073,7.0,13,Mar
882,Twitter,Short,2952,311,322,26146,13.71,17,Mar
883,Instagram,Story,9685,1495,83,64682,17.41,10,Jun
884,LinkedIn,Short,6919,158,786,54668,14.38,2,May
885,Facebook,Short,2404,144,150,66710,4.04,13,Sep
886,Instagram,Short,1912,333,24,32504,6.98,23,Nov
887,Twitter,Carousel,1636,267,195,74330,2.82,9,Jul
888,Twitter,Short,5385,551,548,84802,7.65,11,Mar
889,LinkedIn,Video,9418,2053,1074,85516,14.67,5,Oct
890,Instagram,Reel,2579,218,10,35503,7.91,14,Nov
891,LinkedIn,Video,1049,224,88,20456,6.65,1,Jun
892,YouTube,Carousel,4790,454,21,50829,10.36,9,May
893,Twitter,Story,830,96,74,13891,7.2,0,Feb
894,Twitter,Short,5660,719,415,94893,7.16,0,Mar
895,LinkedIn,Reel,2907,366,255,30430,11.59,20,Mar
896,Twitter,Story,2745,662,245,68110,5.36,14,Jul
897,Twitter,Short,1267,173,90,12342,12.4,0,Apr
898,Instagram,Post,11431,1378,734,80680,16.79,8,Jan
899,YouTube,Short,3273,661,283,49453,8.53,19,Jul
900,Instagram,Story,1157,177,90,29560,4.82,13,Feb
901,Facebook,Post,4093,400,241,70149,6.75,16,May
902,YouTube,Reel,659,115,14,27939,2.82,14,Sep
903,YouTube,Story,1188,276,49,8268,18.3,15,Dec
904,Instagram,Short,5284,690,156,73632,8.33,21,Mar
905,Twitter,Reel,499,78,34,31894,1.92,0,May
906,Facebook,Video,1607,324,32,10771,18.22,1,Feb
907,Facebook,Carousel,5319,66,601,73233,8.17,6,Jun
908,Twitter,Story,1777,166,80,31287,6.47,14,Nov
909,Facebook,Reel,1316,96,50,20420,7.16,0,Oct
910,Twitter,Story,8622,439,433,78351,12.12,17,Jun
911,YouTube,Post,1359,165,156,40527,4.15,2,May
912,Instagram,Post,5749,1127,464,85381,8.6,0,Aug
913,Instagram,Reel,1026,47,59,93538,1.21,13,Jul
914,LinkedIn,Short,3086,630,313,28459,14.16,11,May
915,Twitter,Reel,6896,425,740,48559,16.6,14,Oct
916,LinkedIn,Reel,580,124,61,22274,3.43,14,May
917,YouTube,Post,10758,1926,973,94715,14.42,4,Oct
918,Facebook,Story,3177,421,103,38823,9.53,14,Aug
919,Facebook,Video,333,80,13,8966,4.75,14,Mar
920,YouTube,Short,3055,638,304,41996,9.52,3,Jul
921,Twitter,Carousel,13254,458,677,98621,14.59,2,May
922,LinkedIn,Post,7752,840,614,74828,12.3,19,Apr
923,Instagram,Story,2805,513,206,76820,4.59,6,Dec
924,Twitter,Story,7263,1626,455,82459,11.33,17,Dec
925,Instagram,Carousel,1617,359,181,35953,6.0,22,Oct
926,LinkedIn,Story,2073,323,162,68783,3.72,17,Feb
927,Instagram,Short,3086,335,217,63355,5.74,3,Nov
928,Instagram,Reel,6408,690,516,83172,9.15,6,Mar
929,YouTube,Video,10622,20,310,81122,13.5,17,May
930,Facebook,Story,7526,420,220,56115,14.55,18,Nov
931,Instagram,Short,3761,755,186,44917,10.47,0,Oct
932,Instagram,Story,6822,281,311,71902,10.31,17,Jan
933,Facebook,Reel,567,34,65,5110,13.03,7,Jul
934,LinkedIn,Video,9869,1634,661,97041,12.53,12,Jul
935,LinkedIn,Post,3660,698,98,76449,5.83,6,Sep
936,YouTube,Story,7108,757,437,55409,14.98,21,Mar
937,YouTube,Carousel,247,24,10,22600,1.24,15,Nov
938,LinkedIn,Video,2424,106,80,62243,4.19,22,Oct
939,LinkedIn,Short,3145,485,270,60797,6.41,14,Jul
940,Twitter,Reel,2049,115,118,51570,4.43,18,Aug
941,Twitter,Short,4310,571,220,36031,14.16,11,Jan
942,Instagram,Short,1363,267,104,9963,17.4,15,Dec
943,LinkedIn,Short,781,154,45,15494,6.33,2,Sep
944,Instagram,Carousel,1649,145,130,84963,2.26,20,Sep
945,Facebook,Short,5319,1275,64,80973,8.22,0,Aug
946,Facebook,Video,8599,1941,597,64511,17.26,11,May
947,Twitter,Carousel,1572,38,187,42907,4.19,9,Dec
948,Twitter,Post,4467,145,494,78886,6.47,18,Jan
949,LinkedIn,Reel,4980,75,303,91025,5.89,4,Sep
950,Twitter,Story,1338,149,43,15074,10.15,8,May
951,YouTube,Short,959,48,87,6861,15.95,23,Mar
952,YouTube,Story,7517,777,837,91396,9.99,22,Apr
953,Facebook,Reel,3162,560,26,68559,5.47,4,Oct
954,LinkedIn,Video,3630,527,395,25204,18.06,7,Nov
955,Facebook,Reel,2940,235,305,62695,5.55,20,May
956,LinkedIn,Video,415,41,39,20203,2.45,9,Aug
957,LinkedIn,Video,4028,408,359,74798,6.41,8,Mar
958,LinkedIn,Video,7322,44,305,74526,10.29,21,Jun
959,Facebook,Video,872,44,78,74501,1.33,19,Nov
960,Instagram,Story,2944,296,146,40728,8.31,20,Oct
961,YouTube,Carousel,7754,1603,701,56269,17.87,21,Oct
962,Facebook,Short,4459,711,194,30549,17.56,0,Nov
963,Instagram,Short,269,20,23,6110,5.11,3,Nov
964,Facebook,Post,5959,469,300,63450,10.6,1,Jan
965,YouTube,Short,1706,49,162,86185,2.22,20,Feb
966,Twitter,Post,2165,108,229,97808,2.56,12,Nov
967,YouTube,Story,9474,776,237,89922,11.66,9,Aug
968,Facebook,Video,1440,347,126,91570,2.09,22,Nov
969,Facebook,Reel,2308,185,47,47389,5.36,12,Jul
970,YouTube,Video,692,86,43,48601,1.69,2,Aug
971,LinkedIn,Reel,3416,202,340,31302,12.64,4,Sep
972,Instagram,Video,3778,648,339,61525,7.74,22,May
973,Twitter,Carousel,342,29,14,18538,2.08,8,Aug
974,Instagram,Reel,1118,274,29,7459,19.05,21,Jul
975,Twitter,Reel,1441,188,110,39922,4.36,16,Dec
976,Instagram,Short,8033,913,423,69314,13.52,7,Jan
977,LinkedIn,Reel,8016,1431,847,55387,18.59,18,Sep
978,LinkedIn,Reel,2931,718,165,52044,7.33,20,Nov
979,Instagram,Video,1696,293,97,16883,12.36,9,Nov
980,LinkedIn,Carousel,1646,303,20,31623,6.23,6,May
981,Facebook,Video,6591,238,655,96210,7.78,2,Nov
982,YouTube,Reel,3304,163,28,62407,5.6,23,Oct
983,Twitter,Carousel,4207,816,42,36258,13.97,9,Aug
984,Facebook,Reel,7561,53,47,74984,10.22,10,Dec
985,Twitter,Video,1030,50,37,10611,10.53,21,Sep
986,Instagram,Reel,3235,613,129,24523,16.22,23,Mar
987,Instagram,Post,512,80,49,69080,0.93,22,Nov
988,Instagram,Story,258,31,30,22109,1.44,3,Aug
989,Instagram,Reel,2996,625,42,85114,4.3,15,Oct
990,YouTube,Video,3813,84,421,85691,5.04,10,Dec
991,Twitter,Short,6786,684,133,93918,8.1,4,Jun
992,Facebook,Reel,573,95,21,32948,2.09,3,May
993,Facebook,Short,3302,445,96,23512,16.34,5,Aug
994,Instagram,Carousel,4967,103,146,36934,14.12,19,Jul
995,Instagram,Reel,264,51,12,25677,1.27,5,Feb
996,LinkedIn,Carousel,10878,2451,591,97633,14.26,15,Dec
997,Facebook,Short,1044,56,91,21632,5.51,14,Jul
998,Instagram,Short,1629,332,187,36359,5.91,5,Dec
999,Facebook,Video,10227,380,626,70521,15.93,0,Sep
1000,Instagram,Short,1772,80,145,35885,5.56,11,Sep
